MemberName,Age,MembershipType,RegistrationDate
สมชาย ใจดี,25,Gold,2025-01-10
สมหญิง แก้วใส,30,Silver,2025-01-15
อนันต์ คงทน,28,Bronze,2025-01-20
พิมพ์ใจ ศรีสุข,22,Gold,2025-02-01
บุญมา สุขสันต์,35,Silver,2025-02-05
สายฝน พรหมมา,27,Bronze,2025-02-10
วิชัย รุ่งเรือง,40,Gold,2025-02-15
นฤมล ศรีไทย,19,Silver,2025-02-18
เกรียงไกร กล้าหาญ,33,Bronze,2025-02-20
จารุวรรณ รัตนา,29,Gold,2025-02-22
สมปอง ใจงาม,26,Silver,2025-02-25
สุชาติ แสนดี,31,Bronze,2025-02-28
วราพร ดวงดี,24,Gold,2025-03-01
นพดล ทองแท้,38,Silver,2025-03-05
กมลวรรณ ศรีสุข,21,Bronze,2025-03-07
John Doe, 25, "Gold", 2025-08-01,
Jane Smith, 30, "Silver", "2025-08-03